,Question,Correct Answers,Level,Category,Type,Skills,Answer Description
,Enterprise resource planning system is,A,E,Theory,Single choice,IT: ERP,
, An integrated information system,,,,,,
, Transaction processing system,,,,,,
, Decision support system,,,,,,
, Expert system,,,,,,
,,,,,,,
,Supply Chain Management system is a type of,A,E,Theory,Single choice,IT: Supply chain Analytics,
, Enterprise system,,,,,,
, Functional information system,,,,,,
, Management information system,,,,,,
, None of these,,,,,,
,,,,,,,
,A LAN is a data communication system for interconnecting two or more communicating devices within ,A,E,GK,Single choice,IT: Network Operations,
, 500 kilometres,,,,,,
, 100 kilometres,,,,,,
, 1-2 kilometres,,,,,,
, Any distance within one country,,,,,,
,,,,,,,
,The word 'Internet' has been coined from the words,C,E,GK,Single choice,IT:,
, 'Interconnection' and 'Networking',,,,,,
, 'International' and 'Networks',,,,,,
, 'Interconnection' and 'Networks',,,,,,
, None of the above,,,,,,
,,,,,,,
,The aim of a management system is to support,C,E,Theory,Single choice,IT: IT Project Management,
, Operations,,,,,,
, management,,,,,,
, Both 'a' and 'b;,,,,,,
, None of the above,,,,,,
,,,,,,,
,Which of the following is not an example of transaction processing system?,C,M,Theory,Single choice,IT: IT Project Management,
, Order processing system,,,,,,
, Payroll system,,,,,,
, Timesheet tracker,,,,,,
, Accounts payable,,,,,,
,,,,,,,
,Arrange the slower to the higher access latency.,B,M,Theory,Single choice,IT: IT Project Management,
," Magnetic tape, Magnetic disk, Main memory, Cache, Registers",,,,,,
," Registers, Cache, Main memory, Magnetic disk, Magnetic tape",,,,,,
," Registers, Main memory, Cache, Magnetic disk, Magnetic tape",,,,,,
," Magnetic tape, Main memory, Magnetic tape, Cache, Registers",,,,,,
,,,,,,,
,Which of following are the three phases of malware analysis?,D,M,Theory,Single choice,IT: IT Business Analysis,
," Code Analysis, Kernel Analysis, Memory Analysis",,,,,,
," Behavioral Analysis, Code Analysis, File System Analysis",,,,,,
," File System Analysis, Code Analysis, User Analysis",,,,,,
," Behavioral Analysis, Code Analysis, Memory Analysis",,,,,,
,,,,,,,
,When should V Model be used ?,D,M,Theory,Single choice,IT:,
, When the project is very large and requirements are clearly defined,,,,,,
, When the project is very large and requirements are not clearly defined,,,,,,
, When the project is small and requirements are not very clearly defined,,,,,,
, When the project is small and requirements are clearly defined,,,,,,
,,,,,,,
,"In agile methodology, which of the following is not a scrum role?",A,M,Theory,Single choice,IT:,
, Product Manager,,,,,,
, Project Manager,,,,,,
, Scrum Master,,,,,,
, Team Member,,,,,,
,,,,,,,
,Which of the following is not a part of Scrum ?,A,M,Theory,Single choice,IT:,
, Product Review Meetings,,,,,,
, Sprint Review Meetings,,,,,,
, Sprint Planning Meeting,,,,,,
, Sprint Retrospective Meeting,,,,,,
,,,,,,,
,"In the popular prioritization technique called “MoSCoW”, the “M” stands for",C,M,Theory,Single choice,IT:,
, Might have,,,,,,
, May have,,,,,,
, Must have,,,,,,
, Must not have,,,,,,
,,,,,,,
,Which of the following represents the correct packaging in IT systems?,B,M,Theory,Single choice,IT:,
, Management Information System and Decision Support System,,,,,,
, Management Information System and Transactional System,,,,,,
, Transactional System and Decision Support System,,,,,,
, None of the above,,,,,,
,,,,,,,
,Which is the hosting service for Digital Signature Software?,A,M,Theory,Single choice,IT:,
, In-premise,,,,,,
, Out-premise,,,,,,
, On-premise,,,,,,
, None of the above,,,,,,
,,,,,,,
,A digital signature cannot provide,C,M,Theory,Single choice,IT:,
, Authenticity,,,,,,
, Nonrepudiation,,,,,,
, Confidentiality,,,,,,
, Integrity,,,,,,
,,,,,,,
,"In ________ authentication, the claimant proves that she knows a secret without actually sending it.",B,H,Theory,Single choice,IT:,
, password-based,,,,,,
, challenge-response,,,,,,
, Either a or b,,,,,,
, Neither a nor b,,,,,,
,,,,,,,
,"In AAA architecture protocols, what of the following is not one of the A's ?",A,H,Theory,Single choice,IT:,
, Arbitration,,,,,,
, Authentication,,,,,,
, Accounting,,,,,,
, Authorization,,,,,,
,,,,,,,
,Which of the following is used to protect the integrity of the message being sent?,C,H,Theory,Single choice,IT:,
, Message Summary,,,,,,
, Message Encryption,,,,,,
, Message Digest,,,,,,
, None of the above,,,,,,
,,,,,,,
,Which is the trusted third party which assigns a symmetric key to both the parties?,C,H,Theory,Single choice,IT:,
, CA,,,,,,
, KDD,,,,,,
, KDC,,,,,,
, None of the above,,,,,,
,,,,,,,
,Which function creates a message digest out of a message?,C,H,Theory,Single choice,IT:,
, Digest,,,,,,
, Encryption,,,,,,
, Hash,,,,,,
, None of the above,,,,,,
,,,,,,,
,Use case diagrams can be used to describe the following systems,D,H,Theory,Single choice,IT:,
, Manual,,,,,,
, Automated,,,,,,
, Neither a nor b,,,,,,
, Both a and b,,,,,,
,,,,,,,
,A digital system used the following key,A,H,Theory,Single choice,IT:,
, Asymmetric key,,,,,,
, Symmetric key,,,,,,
, Either a or b,,,,,,
, Neither a nor b,,,,,,
,,,,,,,
,What is the largest decimal value that can be represented using 8 bits,B,-,Theory,Single choice,IT:,
, 256,,,,,,
, 255,,,,,,
, 11111111,,,,,,
, None of the above,,,,,,
,,,,,,,
,Which ones of the following are information management systems?,D,E,Theory,Single choice,IT:,
, Performance Management System,,,,,,
, Enterprise Resource Planning Systems,,,,,,
, Customer Relationship Management Systems,,,,,,
, All of the above,,,,,,
,,,,,,,
,Which of the following is not a database management system?,C,E,Theory,Single choice,IT:,
, Oracle,,,,,,
, Microsoft Access,,,,,,
, Enterprise Resource Planning,,,,,,
, MS SQL,,,,,,
,,,,,,,
,Which one of the following is not an SDLC model?,D,E,Theory,Single choice,IT:,
, RAD,,,,,,
, Incremental,,,,,,
, Spiral,,,,,,
, Snowflake,,,,,,
,,,,,,,
,Which of the following is not a term related to Agile methodology?,D,E,Theory,Single choice,IT:,
, Scrum Master,,,,,,
, Burndown Chart,,,,,,
, Sprint Backlog,,,,,,
, Product Catalog,,,,,,
,,,,,,,
,"In agile,Velocity is a measure of?",B,E,Theory,Single choice,IT:,
, Customer buy-in,,,,,,
, Project progress,,,,,,
, Risk mitigation,,,,,,
, Risk assessment,,,,,,
,,,,,,,
,____ means that a sender must not be able to deny sending a message that he sent,C,M,Theory,Single choice,IT:,
, Confidentiality,,,,,,
, Integrity,,,,,,
, Nonrepudiation,,,,,,
, Authentication,,,,,,
,,,,,,,
,What is the full form of OLAP?,C,M,Theory,Single choice,IT:,
, Online Analytics Processes,,,,,,
, Online Analytical Processes,,,,,,
, Online Analytical Processing,,,,,,
, Online Analytics Processing,,,,,,
,,,,,,,
,Data flow between two devices can occur in all the ways except:,B,M,Theory,Single choice,IT:,
, Simplex,,,,,,
, Semi-duplex,,,,,,
, Half-duplex,,,,,,
, Full-duplex,,,,,,
,,,,,,,
,What is data scrubbing?,D,M,Theory,Single choice,IT:,
, A process to reject data from the data warehouse and to create the necessary indexes,,,,,,
, A process to load the data in the data warehouse and to create the necessary indexes,,,,,,
, A process to upgrade the quality of data after it is moved into a data warehouse,,,,,,
, A process to upgrade the quality of data before it is moved into a data warehouse,,,,,,
,,,,,,,
,Data mining aims to:,A,M,Theory,Single choice,IT:,
, To explain some observed event or condition,,,,,,
, To confirm that data exists,,,,,,
, To analyze data for expected relationships,,,,,,
, To create a new data warehouse,,,,,,
,,,,,,,
,Which of the following is true about data wartehousing?,C,M,Theory,Single choice,IT:,
, Can be updated by end users,,,,,,
, Contains numerous naming conventions and formats,,,,,,
, Organized around important subject areas,,,,,,
, Contains only current data,,,,,,
,,,,,,,
,Fact tables are:,C,M,Theory,Single choice,IT:,
, Partially normalised,,,,,,
, Completely denormalised,,,,,,
, Completey normalised,,,,,,
, Partially denormalised,,,,,,
,,,,,,,
,A star schema is ______ relationship between a dimension and fact table,B,M,Theory,Single choice,IT:,
, Many-to-many,,,,,,
, One-to-many,,,,,,
, One-to-one,,,,,,
, All of the above,,,,,,
,,,,,,,
,OLAP has a ______ database,A,M,Theory,Single choice,IT:,
, de-normalised,,,,,,
, normalised,,,,,,
, Either a or b,,,,,,
, None of the above,,,,,,
,,,,,,,
,What is the full form of SCD?,C,M,Theory,Single choice,IT:,
, Slowly Changing Datasets,,,,,,
, Slowly Changing Data,,,,,,
, Slowly Changing Dimensions,,,,,,
, Slowly Changing Databases,,,,,,
,,,,,,,
,Which criteria ensures that we cannot have two messages which hash to the same digest,B,H,Theory,Single choice,IT:,
, One-wayness,,,,,,
, Weak-Collision resistance,,,,,,
, Strong-Collision resistance,,,,,,
, None of the above,,,,,,
,,,,,,,
,All of the following are types of dimensional modeling except:,D,H,Theory,Single choice,IT:,
, Conceptual,,,,,,
, Logical,,,,,,
, Physical,,,,,,
, Virtual,,,,,,
,,,,,,,
,The fact table which doesn’t contain numeric fact column in the fact table are called,B,H,Theory,Single choice,IT:,
, No-fact fact table,,,,,,
, Factless Fact table,,,,,,
, Zero Fact table,,,,,,
, None of the above,,,,,,
,,,,,,,
,Which of the following involves running of complex queries by systems?,A,H,Theory,Single choice,IT:,
, OLAP,,,,,,
, OLTP,,,,,,
, Neither a nor b,,,,,,
, Both a and b,,,,,,
,,,,,,,
,All of the following are stages of datawarehousing except:,D,H,Theory,Single choice,IT:,
, Offline Datawarehouse,,,,,,
, Real Time Datawarehouse,,,,,,
, Integrated Datawarehouse,,,,,,
, Online Datawarehouse,,,,,,
,,,,,,,
,What is the full form of OLTP?,C,H,Theory,Single choice,IT:,
, On-line transactional processing,,,,,,
, On-line transactional processes,,,,,,
, On-line transaction processing,,,,,,
, On-line transaction processes,,,,,,
,,,,,,,
,Which is the first search engine on the internet?,B,-,Theory,Single choice,IT:,
, Google,,,,,,
, Archie,,,,,,
, Altavista,,,,,,
, None of the above,,,,,,
,,,,,,,
,"The availability of a complex software is 90%. Its Mean Time Between Failure (MTBF) is 200 days. Because of the critical nature of the usage, the organization deploying the software further enhanced it to obtain an availability of 95%. In the process, the Mean Time To Repair (MTTR) increased by 5 days. What is the MTBF of the enhanced software",C,-,Theory,Single choice,IT:,
, 205 days,,,,,,
, 300 days,,,,,,
, 500 days,,,,,,
, 700 days,,,,,,
,,,,,,,
,A Digital Signature provides,C,E,Theory,Single choice,IT:,
, Authentication,,,,,,
, Integrity,,,,,,
, Both a and b,,,,,,
, Either a or b,,,,,,
,,,,,,,
,What is the value returned by hash functions called?,D,E,Theory,Single choice,IT:,
, Hash values,,,,,,
, Hash sums,,,,,,
, Hash codes,,,,,,
, All of the above,,,,,,
,,,,,,,
,Actors in a use case diagram can be,C,E,Theory,Single choice,IT:,
, Humans,,,,,,
, Automated systems,,,,,,
, Both,,,,,,
, None of the above,,,,,,
,,,,,,,
,_____ is set to be a unique identifier for each row that can be used for the primary key to a table,B,M,Theory,Single choice,IT:,
, Foreign Key,,,,,,
, Surrogate Key,,,,,,
, Unique Key,,,,,,
, Composite key,,,,,,
,,,,,,,
,What is the term used to define data about the data?,D,M,Theory,Single choice,IT:,
, Data dictionary,,,,,,
, Datamart,,,,,,
, Database,,,,,,
, Metadata,,,,,,
,,,,,,,
,The most common source of change data in refreshing a data warehouse is:,D,M,Theory,Single choice,IT:,
, Queryable Change Data,,,,,,
, Cooperative Change Data,,,,,,
, Logged Change Data,,,,,,
, Snapshot Change Data,,,,,,
,,,,,,,
,Which of the following statements are true?,C,M,Theory,Single choice,IT:,
, The data warehouse consists of data marts and operational data,,,,,,
, The data warehouse is used as a source for the operational data,,,,,,
, The operational data are used as a source for the data warehouse,,,,,,
, All of the above,,,,,,
,,,,,,,
,What is the full form of CMMI?,C,M,Theory,Single choice,IT:,
, Capability Methods Model Integration,,,,,,
, Capability Management Model Integration,,,,,,
, Capability Maturity Model Integration,,,,,,
, Capability Modifications Management Integration,,,,,,
,,,,,,,
,Challenge-response authentication can be done using,D,M,Theory,Single choice,IT:,
, Symmetric key ciphers,,,,,,
, Asymmetric key ciphers,,,,,,
, Keyed hash functions,,,,,,
, All of the above,,,,,,
,,,,,,,
,What is the run command for device manager? ,B,M,Theory,Single choice,IT:,
, dvcmgmt.msc,,,,,,
, devmgmt.msc,,,,,,
, None of the above,,,,,,
, Either a or b,,,,,,
,,,,,,,
,How many layers are there in OSI Model ?,C,M,Theory,Single choice,IT:,
, 9,,,,,,
, 4,,,,,,
, 7,,,,,,
, 11,,,,,,
,,,,,,,
,Which of the following is true about ERP?,B,H,Theory,Single choice,IT:,
, Most ERP software implementations fully achieve seamless integration,,,,,,
," Some ERP software packages are themselves combinations of separate applications for manufacturing, materials resource planning, general ledger, human resources, procurement, and order entry",,,,,,
,A specific enterprise software package implemented uniformly throughout an enterprise is likely to contain very flexible connections to allow changes and software variations.,,,,,,
,ERP systems are designed primarily for small businesses,,,,,,
,,,,,,,
,The redesign of business processes or systems to achieve a dramatic improvement in enterprise performance is called,A,H,Theory,Single choice,IT:,
, Reengineering,,,,,,
, Renovation,,,,,,
, Redesigning,,,,,,
, Reinterfacing,,,,,,
,,,,,,,
,What is REA ontology?,A,H,Theory,Single choice,IT:,
," Resources, Events, and Agents",,,,,,
," Resources, Events, and Applications",,,,,,
," Resources, Events, and Acquisitions",,,,,,
, None of the above,,,,,,
,,,,,,,
,Which of the following about the REA ontology is false?,A,H,Theory,Single choice,IT:,
," The REA ontology encourages the use of artificial constructs, such as the many artificial constructs included in SAP systems",,,,,,
, The purpose of the REA enterprise ontology is to define constructs common to all enterprises and to demonstrate how those constructs may be represented in an integrated enterprise information system,,,,,,
," Effective REA modeling requires and enables thorough understanding of an enterprise's environment, business processes, risks, and information needs",,,,,,
, All are true,,,,,,
,,,,,,,
,Which of the following models focuses on the individual workflow steps involved in accomplishing events in an enterprise?,D,H,Theory,Single choice,IT:,
, Value system level REA model,,,,,,
, Value chain level REA model,,,,,,
, Business process level REA model,,,,,,
, Task level REA model,,,,,,
,,,,,,,
,Which transaction cycle typically does not affect the calculation of cash balances?,C,H,Theory,Single choice,IT:,
, Acquisition process,,,,,,
, Financing process,,,,,,
, Conversion process,,,,,,
, Sales process,,,,,,
,,,,,,,
,"The risks associated with recording, maintaining, and reporting information about resources, events, agents, and relationships among them is called",B,H,Theory,Single choice,IT:,
, Business process risk,,,,,,
, Information process risk,,,,,,
, Industry risk,,,,,,
, Enterprise risk,,,,,,
,,,,,,,
,What is the availability of a software with the following reliability figures? Mean Time Between Failure (MTBF) = 25 days Mean Time To Repair (MTTR) = 6 hours,D,-,Theory,Single choice,IT:,
, 1%,,,,,,
, 99%,,,,,,
, 24%,,,,,,
, 99.009%,,,,,,
,,,,,,,
,What is the virtual table in a database called?,B,E,Theory,Single choice,IT:,
, Virtual table,,,,,,
, View,,,,,,
, Unreal table,,,,,,
, None of the above,,,,,,
,,,,,,,
,What is ODS?,B,E,Theory,Single choice,IT:,
, Operation Data Storage,,,,,,
, Operational Data Store,,,,,,
, Operations Data Storage,,,,,,
, None of the above,,,,,,
,,,,,,,
,Data in a datawarehouse is:,B,E,Theory,Single choice,IT:,
, Data are often deleted,,,,,,
, Data is rarely deleted,,,,,,
, Relatively few records are processed by applications,,,,,,
, Most applications consist of transactions,,,,,,
,,,,,,,
,ERP stands for,D,E,Theory,Single choice,IT:,
, Enterprise Resouce Platform,,,,,,
, Enterprise Resource Portfolio,,,,,,
, Enterprise Resource Programme,,,,,,
, Enterprise Resource Planning,,,,,,
,,,,,,,
,The language used in creating websites is:,B,E,Theory,Single choice,IT:,
, COBOL,,,,,,
, XML,,,,,,
, XBRL,,,,,,
, Open EDI,,,,,,
,,,,,,,
,The first computer virus was called:,B,-,Theory,Single choice,IT:,
, Creepy virus,,,,,,
, Creeper virus,,,,,,
, Creeping virus,,,,,,
, None of the above,,,,,,
,,,,,,,
,Which of the following is false about REA ontology?,D,M,Theory,Single choice,IT:,
, It attempts to eliminate stovepipes,,,,,,
, It is based on a set of building blocks,,,,,,
, It can be used by all enterprises and by all functional areas within an enterprise,,,,,,
, None of the above,,,,,,
,,,,,,,
,Which of the following often result from reengineering?,C,M,Theory,Single choice,IT:,
, Streamlined workflow,,,,,,
, Reduced headcount,,,,,,
, Both a and b,,,,,,
, Neither a nor b,,,,,,
,,,,,,,
,Which of the following is not an example of REA ontology?,B,M,Theory,Single choice,IT:,
, Raw Materials,,,,,,
, Customers,,,,,,
, Finished Goods,,,,,,
, Labor,,,,,,
,,,,,,,
,Catalysts for the changing nature of enterprise systems include,A,M,Theory,Single choice,IT:,
, Growth of e-commerce,,,,,,
, Increasing satisfaction with general ledger software packages,,,,,,
, Decreasing benefits of supply change management,,,,,,
, None of the above,,,,,,
,,,,,,,
,Which one of the following is not a system?,C,M,Theory,Single choice,IT:,
, Open,,,,,,
, Probabilistic,,,,,,
, Integrated,,,,,,
, Physical,,,,,,
,,,,,,,
,Which one of the following is not an approach for development of Management Information Systems?,A,M,Theory,Single choice,IT:,
, Integrative,,,,,,
, Modular,,,,,,
, Hierarchical,,,,,,
, Elective,,,,,,
,,,,,,,
,In Management information system which is the correct order of the reference of activities that the manager processes ?,A,M,Theory,Single choice,IT:,
," Planning, Organizing, Staffing, Coordinating, Directing, Controlling",,,,,,
," Planning, Staffing, Organizing, Coordinating, Directing, Controlling",,,,,,
," Planning, Organizing, Staffing, Directing, Coordinating, Controlling",,,,,,
," Planning, Organizing, Coordinating, Staffing, Directing, Controlling",,,,,,
,,,,,,,
,A person machine-system and a highly integrated grouping of information-processing functions designed to provide management with a comprehensive picture of specific operation is calle,B,M,Theory,Single choice,IT:,
, DSS,,,,,,
, MIS,,,,,,
, IIS,,,,,,
, All of the above,,,,,,
,,,,,,,
,The most important reason for failure of MIS is,B,M,Theory,Single choice,IT:,
, Use of improper tools for desig,,,,,,
, Non involvement of end-use,,,,,,
, Improper specification,,,,,,
, None of the above,,,,,,
,,,,,,,
,"At the initial CMMI level, the process is ",A,H,Theory,Single choice,IT:,
, Chaotic,,,,,,
, Managed,,,,,,
, Iterative,,,,,,
, Optimized,,,,,,
,,,,,,,
,A large project with fixed requirements need to follow which model?,D,H,Theory,Single choice,IT:,
, Adaptive,,,,,,
, Waterfall,,,,,,
, Iterative,,,,,,
, Incremental,,,,,,
,,,,,,,
,Metric Goals map to:,C,H,Theory,Single choice,IT:,
, Project goal,,,,,,
, Business goal,,,,,,
, Delivery quality,,,,,,
, None of the above,,,,,,
,,,,,,,
,Black box testing is also called,C,M,Theory,Single choice,IT:,
, glass-box testing,,,,,,
, data-driven testing,,,,,,
, logic-driven testing,,,,,,
, None of the above,,,,,,
,,,,,,,
,Which of the following is an open-source toolkit for measuring and reporting Java code coverage?,A,H,Theory,Single choice,IT:,
, EMMA,,,,,,
, JProbe,,,,,,
, JCoverage,,,,,,
, insECT,,,,,,
,,,,,,,
,Which of the following is a tool in Code Coverage?,B,H,Theory,Single choice,IT:,
, Silk performer,,,,,,
, Clover,,,,,,
, Benchmark Factory,,,,,,
, Rational Clear Quest,,,,,,
,,,,,,,
,The two methods used for test automation are:,A,H,Theory,Single choice,IT:,
, Capture playback and data-driven approach,,,,,,
, setup( ) and teardown( ),,,,,,
, startup( ) and closure( ),,,,,,
, None of the above,,,,,,
,,,,,,,
,"A software was tested using the error seeding strategy in which 20 errors were seeded in the code. When the code was tested using the complete test suite, 16 of the seeded errors were detected. The same test suite also detected 200 non-seeded errors. What is the estimated number of undetected errors in the code after this testing?",B,-,Theory,Single choice,IT:,
, 4,,,,,,
, 50,,,,,,
, 200,,,,,,
, 250,,,,,,
,,,,,,,
,Who is the brand ambassador of Asus in India?,B,-,Theory,Single choice,IT:,
, Katrina Kaif,,,,,,
, Sonakshi Sinha,,,,,,
, Shraddha Kapoor,,,,,,
, Kareena Kapoor Khan,,,,,,
,,,,,,,
,ValidationSummary control in a webpage,C,H,Theory,Single choice,IT:,
, shows all the error messages from the validators via email,,,,,,
, shows all the error messages from the validators in one specific spot on the page,,,,,,
, shows all the error messages from the validators in the next page,,,,,,
, None of the above,,,,,,
,,,,,,,
,If there are a lot of volatile business requirements and therefore the software is prone  to changes. Which model is appropriate if the changes vary enough for rehaul of certain systems,C,M,Theory,Single choice,IT:,
, Incremental,,,,,,
, Waterfall,,,,,,
, Iterative,,,,,,
, Maintenance,,,,,,
,,,,,,,
,Which one of the following is not an SDLC model?,C,M,Theory,Single choice,IT:,
, Waterfall,,,,,,
, Prototype,,,,,,
, U Model,,,,,,
, Spiral,,,,,,
,,,,,,,
,Which one of the following is not the outcome of CMMI?,C,M,Theory,Single choice,IT:,
,  Productivity Increase,,,,,,
, Process Improvement,,,,,,
, New Coding language,,,,,,
, Reduction of Defects,,,,,,
,,,,,,,
,Which of the following flow shows the proper sequence of events in the quality journey of an organization?,C,M,Theory,Single choice,IT:,
, Certification -> Framework -> Model,,,,,,
, Certification -> Model -> Framework,,,,,,
, Framework -> Model -> Certification ,,,,,,
, Framework -> Certification -> Model,,,,,,
,,,,,,,
,Which SDLC Model have separate and distinct phases of specification and development?,C,H,Theory,Single choice,IT:,
, Agile,,,,,,
, V model,,,,,,
, Waterfall,,,,,,
, Incremental,,,,,,
,,,,,,,
,Which of the following is not the features of regression testing?,D,H,Theory,Single choice,IT:,
, Revisiting and testing all prior bug-fixes in response to new fixes or enhancements,,,,,,
, Retesting all programs that might be affected by the fixes or enhancements,,,,,,
, Discovering the hidden bugs that are not deducted during the previous tests,,,,,,
, Separating the errors logically by applying divide and conquer technique,,,,,,
,,,,,,,
,TCP stands for?,A,M,Theory,Single choice,IT:,
, Test Case Point,,,,,,
, Test Control Point,,,,,,
, Test Case Program,,,,,,
, Test Control Program,,,,,,
,,,,,,,
,"In software , which system checks the performance and functionality of the complete system",A,M,Theory,Single choice,IT:,
, System Testing,,,,,,
, White Box Testing,,,,,,
, Integration Testing,,,,,,
, Regression Testing,,,,,,
,,,,,,,
,A specification or product that has been formally reviewed is called,C,E,Theory,Single choice,IT:,
, Version,,,,,,
, Access,,,,,,
, Baseline,,,,,,
, Metric,,,,,,
,,,,,,,
,Which Operating System doesn't support long file names?,C,E,Theory,Single choice,IT:,
, Windows NT,,,,,,
, Windows 95,,,,,,
, MSDOS,,,,,,
, All of the above,,,,,,
,,,,,,,
,"Usually, in MSDOS, the primary hard disk drives has the drive letter:",C,M,Theory,Single choice,IT:,
, D,,,,,,
, A,,,,,,
, C,,,,,,
, B,,,,,,
,,,,,,,
,What is another term for a zombie computer army?,A,M,Theory,Single choice,IT:,
, Botnet,,,,,,
, Phising farm,,,,,,
, Revenge of the nodes,,,,,,
, None of the above,,,,,,
,,,,,,,
,What does DDoS stand for?,C,M,Theory,Single choice,IT:,
, Dangerous dynamic open security,,,,,,
, Digital Default of Servers,,,,,,
, Distributed Denial of Service,,,,,,
, None of the above,,,,,,
,,,,,,,
,What is phishing?,A,E,Theory,Single choice,IT:,
, A method of online identity theft,,,,,,
, A way to send spam mail to millions of people at once,,,,,,
, A decryption method that uses complex algorithms,,,,,,
, None of the above,,,,,,
,,,,,,,
,What does SSL stand for ?,C,E,Theory,Single choice,IT:,
, Secret Service Logarithm,,,,,,
, Systematic Security Level,,,,,,
, Secure Sockets Layer,,,,,,
, None of the above,,,,,,
,,,,,,,
,What is a security exploit?,A,E,Theory,Single choice,IT:,
, A prepared application that takes advantage of a known weakness,,,,,,
, A prepared application that takes disadvantage of a known weakness,,,,,,
, A prepared application that takes advantage of a known strength,,,,,,
, A prepared application that takes disadvantage of a known strength,,,,,,
,,,,,,,
,What is SQL Injection?,B,M,Theory,Single choice,IT:,
, A general purpose programming language,,,,,,
, A type of security exploit in which the attacker adds Structured Query Language (SQL) code to a Web form input box to gain access to resources or make changes to data,,,,,,
," A prototype-based scripting language that is primarily used in the form of client-side JavaScript, implemented as part of a Web browser in order to provide enhanced user interfaces and dynamic websites",,,,,,
," An American quiz show featuring trivia in history, literature, the arts, pop culture, science, sports, geography, wordplay, and more",,,,,,
,,,,,,,
,"What is a ""white hat"" hacker?",A,H,Theory,Single choice,IT:,
, Someone who specializes in penetration testing and in other testing methodologies to ensure the security of an organization's information systems,,,,,,
, Someone who breaks into a computer system or network with malicious intent,,,,,,
, A hacker,,,,,,
, All of the above,,,,,,
,,,,,,,
,What is a packet sniffer?,C,H,Theory,Single choice,IT:,
, A general-purpose server-side scripting language originally designed for web development to produce dynamic web pages,,,,,,
, A set of rules for encoding documents in machine-readable form,,,,,,
," An application that captures data packets, which can be used to capture passwords and other data in transit over the network",,,,,,
, All of the above,,,,,,
,,,,,,,
,What is Cross-site scripting?,B,H,Theory,Single choice,IT:,
, A programming language that allows control of one or more applications,,,,,,
, A type of computer security vulnerability typically found in Web applications that enables attackers to inject client-side script into Web pages viewed by other users,,,,,,
, A specialized kind of scripting language used for controlling a computer,,,,,,
, A document or information resource that is suitable for the World Wide Web and can be accessed through a web browser and displayed on a monitor or mobile device,,,,,,
,,,,,,,
,What is a rootkit?,C,H,Theory,Single choice,IT:,
, A name server for the Domain Name System's root zone. It directly answers requests for records in the root zone and answers other requests returning a list of the designated authoritative name servers for the appropriate top-level domain (TLD),,,,,,
, The pre-defined name of a UNIX directory,,,,,,
, A rootkit is designed to conceal the compromise of a computer's security,,,,,,
, None of the above,,,,,,
,,,,,,,
,Who is the father of internet?,B,-,Theory,Single choice,IT:,
, Charles Babbage,,,,,,
, Vinton Cerf,,,,,,
, Thomas Harriot,,,,,,
, None of the above,,,,,,
,,,,,,,
,A quantitative measure of a specific desirable attribute of a software is known as,D,E,Theory,Single choice,IT:,
, Defect,,,,,,
, Plan,,,,,,
, Base line,,,,,,
, Metric,,,,,,
,,,,,,,
,"Incremental and Iterative Model s  are also known as ______  ,  _________ respectively",C,M,Theory,Single choice,IT:,
," Spiral, Sequential",,,,,,
," Spiral, Staged Delivery",,,,,,
," Staged Delivery, Spiral",,,,,,
," Sequential, Spiral",,,,,,
,,,,,,,
,Which of the following is not the Performance testing tools?,B,M,Theory,Single choice,IT:,
, Web load,,,,,,
, Requisite Pro,,,,,,
, Astra load,,,,,,
, Load runner,,,,,,
,,,,,,,
,Test objectives and goals are described in ____________,A,M,Theory,Single choice,IT:,
, Test Plan,,,,,,
, Test Method,,,,,,
, Test Scenarios,,,,,,
, Test Case,,,,,,
,,,,,,,
,Which is not the function of the Operating System?,A,E,Theory,Single choice,IT:,
, Virus Protection,,,,,,
, Memory Management,,,,,,
, Disk Management,,,,,,
, Applications management,,,,,,
,,,,,,,
,What's another name for crackers -- malicious hackers who infiltrate secure systems in order to steal information or cause damage,A,M,Theory,Single choice,IT:,
, Black Hats,,,,,,
, Pirates,,,,,,
, Digital Rogues,,,,,,
, None of the above,,,,,,
,,,,,,,
,Which of the following is not the technique of integration testing?,D,M,Theory,Single choice,IT:,
, Top-down testing,,,,,,
, Big Bang testing,,,,,,
, Bottom up testing,,,,,,
, Side Side testing,,,,,,
,,,,,,,
,The deleted data which is not in the recycle bin can be,C,H,Theory,Single choice,IT:,
, 100 percent retrieved,,,,,,
, Can't be retrieved,,,,,,
, May be retrieved,,,,,,
, None of the above,,,,,,
,,,,,,,
,"Match the problem domains in GROUP I with the solution technologies in GROUP II
Group I                                                      Group II
(P) Service oriented computing                     (1) Interoperability
(Q) Heterogeneous communicating systems   (2) BPMN
(R) Information representation                       (3) Publish-find-bind
(S) Process description                                (4) XML ",C,H,Theory,Single choice,IT:,
," P-1, Q-2, R-3, S-4",,,,,,
," P-3, Q-4, R-2, S-1",,,,,,
," P-3, Q-1, R-4, S-2",,,,,,
," P-4, Q-3, R-2, S-1",,,,,,
,,,,,,,
,"A company needs to develop a strategy for software product development for which it has a choice of two programming languages L1 and L2. The number of lines of code (LOC) developed using L2 is estimated to be twice the LOC developed with Ll. The product will have to be maintained for five years. Various parameters for the company are given in the table below.
Parameter                                                                                                         Language L1                                         Language L2
Man years needed for development                                                                      LOC/10000                                         LOC/10000
Development cost per man year                                                                          Rs. 10,00,000                                      Rs. 7,50,000
Maintenance time                                                                                               5 years                                                     5 years
Cost of maintenance per year                                                                          Rs. 1,00,000                                              Rs. 50,000
Total cost of the project includes cost of development and maintenance. What is the LOC for L1 for which the cost of the project using L1 is equal to the cost of the project using L2?
",B,H,Numerical,Single choice,IT:,
, 4000,,,,,,
, 5000,,,,,,
, 4333,,,,,,
, 4667,,,,,,
,,,,,,,
,Which one of the following is NOT desired in a good Software Requirement Specifications (SRS) document?,D,M,Theory,Single choice,IT:,
, Functional Requirements,,,,,,
, Non-functional Requirements,,,,,,
, Goals of Implementation,,,,,,
, Algorithms for Software Implementation,,,,,,
,,,,,,,
,"What is the appropriate pairing of items in the two columns listing various activities encountered in a software life cycle?
P. Requirements Capture         1.Module Development and Integration
Q. Design                                     2.Domain Analysis
R. Implementation                    3.Structural and Behavioral Modeling
S. Maintenance                           4.Performance Tuning",B,H,Theory,Single choice,IT:,
," P-3, Q-2, R-4, S-1",,,,,,
," P-2, Q-3, R-1, S-4",,,,,,
," P-3, Q-2, R-1, S-4",,,,,,
," P-2, Q-3, R-4, S-1",,,,,,
,,,,,,,
,"The coupling between different modules of a software is categorized as follows:
I.   Content coupling
II.  Common coupling
III. Control coupling 
IV.  Stamp coupling
V.   Data coupling
Coupling between modules can be ranked in the order of strongest (least desirable) to weakest (most desirable) as follows:",A,M,Theory,Single choice,IT:,
, I-II-III-IV-V,,,,,,
, V-IV-III-II-I,,,,,,
, I-III-V -II-IV,,,,,,
, IV-II-V-III-I,,,,,,
,,,,,,,
,Which one of the following is TRUE?,C,H,Theory,Single choice,IT:,
, The requirements document also describes how the requirements that are listed in the document are implemented efficiently,,,,,,
, Consistency and completeness of functional requirements are always achieved in practice,,,,,,
, Prototyping is a method of requirements validation,,,,,,
, Requirements review is carried out to find the errors in system design,,,,,,
,,,,,,,
,"In a software project, COCOMO (Constructive Cost Model) is used to estimate",A,M,Theory,Single choice,IT:,
, effort and duration based on the size of the software,,,,,,
, size and duration based on the effort of the software,,,,,,
, effort and cost based on the duration of the software,,,,,,
," size, effort and duration based on the cost of the software",,,,,,
,,,,,,,
,A software organization has been assessed at SEI CMM Level 4. Which of the following does the organization need to practice beside Process Change Management and Technology Change Management in order to achieve Level 5?,B,M,Theory,Single choice,IT:,
, Defect Detection,,,,,,
, Defect Prevention,,,,,,
, Defect Isolation,,,,,,
, Defect Propagation,,,,,,
,,,,,,,
,Which of the following testing determines how well a product functions across a range of language?,B,M,Theory,Single choice,IT:,
, Heuristics testing,,,,,,
, Localization testing,,,,,,
, Language Testing,,,,,,
, Smoke testing,,,,,,
,,,,,,,
,Which of the following is a true statement about data flow diagram symbols?,D,H,Theory,Single choice,IT: Artificial Intelligence,
, Circles are used to represent data sources and sinks,,,,,,
, A single straight line is used to display a store or collection of data,,,,,,
, Rectangles are used to represent processes that transform data inflows into information outflows,,,,,,
, None of the above,,,,,,
,,,,,,,
,Which of the following languages is exclusively used for Artificial Intelligence?,C,H,Theory,Single choice,IT: Techno functional,
, Java,,,,,,
, COBOL,,,,,,
, Prolog,,,,,,
, Fortran,,,,,,
,,,,,,,
,"In the Spiral model of software development, the primary determinant in selecting activities in each iteration is",D,M,Theory,Single choice,IT: Techno functional,
, Iteration size,,,,,,
, Cost,,,,,,
, Adopted process such as Rational Unified Process or Extreme Programming,,,,,,
, Risk,,,,,,
,,,,,,,
,"Find if the following statements in the context of software testing are TRUE or FALSE.
(S1) Statement coverage cannot guarantee execution of loops in a program under test.
(S2) Use of independent path testing criterion guarantees execution of each loop in a program under test more than once.",A,H,Theory,Single choice,IT: Techno functional,
," True, True",,,,,,
," True, False",,,,,,
," False, True",,,,,,
," False, False",,,,,,
,,,,,,,
,Which of the following is an advantage of putting presentation information in a separate CSS file rather than in HTML itself?,D,M,Theory,Single choice,IT: Techno functional,
, The content becomes easy to manage,,,,,,
, Becomes easy to make site for different devices like mobile by making separate CSS files,,,,,,
, CSS Files are generally cached and therefore decrease server load and network traffic,,,,,,
, All of the above,,,,,,
,,,,,,,
,When is Computer Literacy Day celebrated?,A,-,Theory,Single choice,IT: Techno functional,
, December 2,,,,,,
, October 2,,,,,,
, December 10,,,,,,
, October 10,,,,,,
,,,,,,,
,Sequential flow of process in delivery management,A,E,Theory,Single choice,IT: Techno functional,
," Proposal, Formalization, Start up, Execution, Closure",,,,,,
," Analysis, Formalization, start up, Execution, Closure",,,,,,
," Start up, Analysis, Proposal, formalization, execution",,,,,,
, None of the above,,,,,,
,,,,,,,
,"When a computer is first turned on or restarted, a special type of absolute loader called ____ is executed",A,E,Theory,Single choice,IT: Techno functional,
, Bootstrap loader,,,,,,
, Relating loader,,,,,,
, Boot loader,,,,,,
, None of the above,,,,,,
,,,,,,,
,What is the function of an operating system?,D,E,Theory,Single choice,IT: Techno functional,
, Manages the flow of data and instructions,,,,,,
, Manages computer’s resources very efficiently,,,,,,
, Takes care of scheduling jobs for execution,,,,,,
, All of the above,,,,,,
,,,,,,,
,What is the process of encoding information in a way so that only someone with a key can decode it?,B,E,Theory,Single choice,IT: Techno functional,
, Decryption,,,,,,
, Encryption,,,,,,
, Compression,,,,,,
, None of the above,,,,,,
,,,,,,,
,"A company needs to develop digital signal processing software for one of its newest inventions. The software is expected to have 40000 lines of code. The company needs to determine the effort in person-months needed to develop this software using the basic COCOMO model. The multiplicative factor for this model is given as 2.8 for the software development on embedded systems, while the exponentiation factor is given as 1.20. What is the estimated effort in person-months?",A,-,Theory,Single choice,IT: Techno functional,
, 234.25,,,,,,
, 932.50,,,,,,
, 287.80,,,,,,
, 122.40,,,,,,
,,,,,,,
,"Which of the following statements are TRUE?
I. The context diagram should depict the system as a single bubble.
II. External entities should be identified clearly at all levels of DFDs.
III. Control information should not be represented in a DFD.
IV. A data store can be connected either to another data store or to an external entity.",C,H,Theory,Single choice,IT: Techno functional,
, II and III,,,,,,
, I and II,,,,,,
, I and III,,,,,,
," I, II and III",,,,,,
,,,,,,,
,"Match the following:
1) Waterfall model        a) Specifications can be developed incrementally
2) Evolutionary model   b) Requirements compromises are inevitable
3) Component-based    c) Explicit recognition of risk software engineering
4) Spiral development   d) Inflexible partitioning of the project into stages",B,H,Theory,Single choice,IT: Techno functional,
," 1-a, 2-b, 3-c, 4-d",,,,,,
," 1-d, 2-a, 3-b, 4-c",,,,,,
," 1-d, 2-b, 3-a, 4-c",,,,,,
," 1-c, 2-a, 3-b, 4-d",,,,,,
,,,,,,,
,"In the context of modular software design, which one of the following combinations is desirable?",B,H,Theory,Single choice,IT: Techno functional,
, High cohesion and high coupling,,,,,,
, High cohesion and low coupling,,,,,,
, Low cohesion and high coupling,,,,,,
, Low cohesion and low coupling,,,,,,
,,,,,,,
,"Match the following
List-I                                         List-II
A. Condition coverage                 1. Black-box testing
B. Equivalence class partitioning  2. System testing
C. Volume testing                       3. White-box testing
D. Alpha testing                         4. Performance testing

Codes:
   A B C D
(a) 2 3 1 4
(b) 3 4 2 1
(c) 3 1 4 2
(d) 3 1 2 4",C,H,Theory,Single choice,IT: Techno functional,
, a,,,,,,
, b,,,,,,
, c,,,,,,
, d,,,,,,
,,,,,,,
,A Software Requirements Specification (SRS) document should avoid discussing which one of the following?,C,M,Theory,Single choice,IT: Techno functional,
, User interface issues,,,,,,
, Non-functional requirements,,,,,,
, Design specification,,,,,,
, Interfaces with third party software,,,,,,
,,,,,,,
,HTML(Hypertext Markup Language) has language elements which permit certain actions other than describing the structure of the web document. Which one of the following actions is NOT supported by pure HTML (without any server or client side scripting)pages?,D,H,Theory,Single choice,IT: Techno functional,
, Embed web objects from different sites into the same page,,,,,,
, Refresh the page automatically after a specified interval,,,,,,
, Automatically redirect to another page upon download,,,,,,
, Display the client time as part of the page,,,,,,
,,,,,,,
,"Consider the three commands : PROMPT, HEAD and RCPT. Which of the following options indicate a correct association of these commands with protocols where these are used?",B,H,Theory,Single choice,IT: Techno functional,
," HTTP, SMTP, FTP",,,,,,
," FTP, HTTP, SMTP",,,,,,
," HTTP, FTP, SMTP",,,,,,
," SMTP, HTTP, FTP",,,,,,
,,,,,,,
,A HTML form is to be designed to enable purchase of office stationery. Required items are to be selected (checked). Credit card details are to be entered and then the submit button is to be pressed. Which one of the following options would be appropriate for sending the data to the server. Assume that security is handled in a way that is transparent to the form design.,B,H,Theory,Single choice,IT: Techno functional,
, Only GET,,,,,,
, Only POST,,,,,,
, Either GET or POST,,,,,,
, Neither GET nor POST,,,,,,
,,,,,,,
,What is the best time complexity of bubble sort?,C,H,Theory,Single choice,IT: Techno functional,
, N^2,,,,,,
, NlogN,,,,,,
, N,,,,,,
, N(logN)^2,,,,,,
,,,,,,,
,What does it mean when we say that an algorithm X is asymptotically more efficient than Y?,B,H,Logical,Single choice,IT: Techno functional,
, X will be a better choice for all inputs,,,,,,
, X will be a better choice for all inputs except small inputs,,,,,,
, X will be a better choice for all inputs except large inputs,,,,,,
, Y will be a better choice for small inputs,,,,,,
,,,,,,,
,Which of the following sorting algorithms has the lowest worst-case complexity?,A,M,Theory,Single choice,IT: Techno functional,
, Merge Sort,,,,,,
, Bubble Sort,,,,,,
, Quick Sort,,,,,,
, Selection Sort,,,,,,
,,,,,,,
,This is an encryption/decryption key known only to the party or parties that exchange secret messages,C,M,Theory,Single choice,IT: Techno functional,
, e-signature,,,,,,
, digital certificate,,,,,,
, private key,,,,,,
,security token,,,,,,
,,,,,,,
,"Today, many Internet businesses and users take advantage of cryptography based on this approach",A,H,Theory,Single choice,IT: Techno functional,
, Public key infrastructure,,,,,,
, Output feedback,,,,,,
, Encrypting File System,,,,,,
, Single signon,,,,,,
,,,,,,,
,The name for the issuer of a PKI certificate is_____,B,E,Theory,Single choice,IT: Techno functional,
, Man in the middle ,,,,,,
, Certificate Authority,,,,,,
, Resource Access Control Facility,,,,,,
, Script Kiddy,,,,,,
,,,,,,,
,This is the encryption algorithm that will begin to supplant the Data Encryption Standard (DES) - and later Triple DES - over the next few years as the new standard encryption algorithm,A,H,Theory,Single choice,IT: Techno functional,
, Rijndael ,,,,,,
, Kerberos ,,,,,,
, Blowfish ,,,,,,
, IPsec,,,,,,
,,,,,,,
,"In password protection, this is a random string of data used to modify a password hash.",B,H,Theory,Single choice,IT: Techno functional,
, Sheepdip,,,,,,
, Salt,,,,,,
, Bypass,,,,,,
, Dongle,,,,,,
,,,,,,,
,This is the inclusion of a secret message in otherwise unencrypted text or images.,B,H,Theory,Single choice,IT: Techno functional,
, masquerade,,,,,,
, steganography ,,,,,,
, spoof ,,,,,,
, eye-in-hand system,,,,,,
,,,,,,,
,What was developed by PYRA Labs and later sold to google ?,C,-,GK,Single choice,IT: Techno functional,
, Flicker,,,,,,
, Instagram,,,,,,
, Blogger,,,,,,
, Tumblr,,,,,,
,,,,,,,
,"Consider a software program that is artificially seeded with 100 faults. While testing this program, 159 faults are detected, out of which 75 faults are from those artificially seeded faults. Assuming that both real and seeded faults are of same nature and have same distribution, the estimated number of undetected real faults is ____________",A,-,Theory,Single choice,IT: Techno functional,
, 28,,,,,,
, 175,,,,,,
, 56,,,,,,
, 84,,,,,,
,,,,,,,
,"HELO and PORT, respectively, are commands from the protocols:",D,H,Theory,Single choice,IT: Techno functional,
, FTP and HTTP,,,,,,
, TELNET and POP3,,,,,,
, HTTP and TELNET,,,,,,
, SMTP and FTP,,,,,,
,,,,,,,
,Which of the following is TRUE only of XML but NOT HTML?,C,H,Theory,Single choice,IT: Techno functional,
, It is derived from SGML,,,,,,
, It describes content and layout,,,,,,
, It allows user defined tags,,,,,,
, It is restricted only to be used with web browsers,,,,,,
,,,,,,,
,"This is a computing and telecommunications industry specification that describes how mobile phones, computers, and personal digital assistants can connect with phones and computers by using a short-range wireless connection.",A,E,Theory,Single choice,IT: Techno functional,
, Bluetooth,,,,,,
, Blackberry,,,,,,
, Bluebird,,,,,,
, Bellcore,,,,,,
,,,,,,,
,"If a transmission is good, this is what happens when a mobile or portable cellular subscriber passes from one cell into another and the network has to switch coverage responsibility from one base station to another.",C,M,Theory,Single choice,IT: Techno functional,
, Handshake,,,,,,
, Handoff,,,,,,
, Cross-bar switch,,,,,,
, None of the above,,,,,,
,,,,,,,
,This IBM family of products is a relational database management system for large business computers.,D,E,Theory,Single choice,IT: Techno functional,
, DBA,,,,,,
, B2B,,,,,,
, PHP,,,,,,
, DB2,,,,,,
,,,,,,,
,"This type of database, which can be used to mine data for business trends, doesn't require SQL queries, but instead allows a user to ask questions like ""How many Aptivas have been sold in Nebraska so far this year?""",B,M,Theory,Single choice,IT: Techno functional,
, Object-oriented database management system ,,,,,,
, Multidimensional database ,,,,,,
, Functional specification,,,,,,
, None of the above,,,,,,
,,,,,,,
,This is an open standard application programming interface (API) for accessing a database.,C,M,Theory,Single choice,IT: Techno functional,
, Command Line Interface,,,,,,
, Universal Data Access ,,,,,,
, Open Database Connectivity ,,,,,,
, Open Data-Link Interface ,,,,,,
,,,,,,,
,This is a mobile positioning technique used by emergency services to find a caller's location.,A,H,Theory,Single choice,IT: Techno functional,
, Cell of Origin,,,,,,
, Interactive Voice Response,,,,,,
, Location-based services ,,,,,,
, None of these,,,,,,
,,,,,,,
,This is a collection of data items organized as a set of formally-described tables from which data can be accessed or reassembled in many different ways without having to reorganize the database tables,A,M,Theory,Single choice,IT: Techno functional,
, Relational database,,,,,,
, File Allocation Table,,,,,,
, Array,,,,,,
, None of these,,,,,,
,,,,,,,
,This is a standard interactive and programming language for getting information from and updating a database,B,M,Theory,Single choice,IT: Techno functional,
, Dynamic data exchange ,,,,,,
, Structured Query Language ,,,,,,
, ASCII,,,,,,
, None of these,,,,,,
,,,,,,,
,"In creating a database, this is the process of organizing it into tables in such a way that the results of using the database are always unambiguous.",B,M,Theory,Single choice,IT: Techno functional,
, Probablility,,,,,,
, Normalization,,,,,,
, Data Modeling,,,,,,
, None of these,,,,,,
,,,,,,,
,"In 1977, this company set out to prove that the prevailing theory that relationship databases lacked commercial viability, was wrong.",B,M,GK,Single choice,IT:,
, Hewlett-Packard ,,,,,,
, Oracle,,,,,,
, Cognos,,,,,,
, Solaris,,,,,,
,,,,,,,
,"This term, used to describe a database that occupies magnetic storage in the terabyte range, describes a database that contains billions of table rows.",A,E,Theory,Single choice,IT:,
,Very Large Database ,,,,,,
, Big Data,,,,,,
, Electronic Data Interchange,,,,,,
, None of these,,,,,,
,,,,,,,
,This is a collection of descriptions about data objects that is created for the benefit of programmers and others who might need to refer to them.,A,M,Theory,Single choice,IT:,
, Data dictionary,,,,,,
, Stored procedures ,,,,,,
, Virtual File Allocation table ,,,,,,
, Catalog,,,,,,
,,,,,,,
,"This term is used to describe the process of forecasting, or simply discovering patterns in data that can lead to predictions about the future.",C,M,Theory,Single choice,IT:,
, PERT chart ,,,,,,
, Enterprise Risk Management,,,,,,
, Data mining,,,,,,
, None of these,,,,,,
,,,,,,,
,"This is a mode of operation for a block cipher, with the characteristic that each possible block of plaintext has a defined corresponding ciphertext value and vice versa",D,E,Theory,Single choice,IT:,
, footprinting ,,,,,,
, hash funtion,,,,,,
, watermark,,,,,,
, Electronic Code Book,,,,,,
,,,,,,,
,This is a trial and error method used to decode encrypted data through exhaustive effort rather than employing intellectual strategies,D,M,Theory,Single choice,IT:,
, chaffing and winnowing ,,,,,,
, cryptanalysis ,,,,,,
, serendipity ,,,,,,
, brute force cracking,,,,,,
,,,,,,,
,"Which of following statements is/are False?
1. XML overcomes the limitations in HTML to support a structured way of organizing content.
2. XML specification is not case sensitive while HTML specification is case sensitive.
3. XML supports user defined tags while HTML uses pre-defined tags.
4. XML tags need not be closed while HTML tags must be closed.",D,H,Theory,Single choice,IT:,
, 1 only,,,,,,
, 2 only,,,,,,
, 2 and 3 only,,,,,,
, 2 and 4 only,,,,,,
,,,,,,,
,"Given below are several usages of the anchor tag in HTML.
1. <A HREF = ""http://www.gate.ac.in/HTML/BASIC/testpage.html"">Test Me</A>
2. <A HREF = ""/BASIC/testpage.html"">Test Me</A>
3. <A HREF = ""testpage.html"">Test Me</A>
4. <A HREF = ""testpage.html#test"">Test Me</A>
Which of the above are valid?",D,H,Theory,Single choice,IT:,
, I and II only,,,,,,
, I and III only,,,,,,
," I, II and III only",,,,,,
," I, II, III and IV",,,,,,
,,,,,,,
,What is a spoofing attack?,B,H,Theory,Single choice,IT:,
, A japanese sumo technique,,,,,,
," A spoofing attack involves one program, system, or website successfully masquerading as another by falsifying data and thereby being treated as a trusted system by a user or another program. The purpose of this is usually to fool programs, systems, or users into revealing confidential information, such as user names and passwords, to the attacker",,,,,,
, Both,,,,,,
, None,,,,,,
,,,,,,,
,Command to change the admin password of windows xp?,C,H,Theory,Single choice,IT:,
, Net user *,,,,,,
, Net user ,,,,,,
, Net user administratorname *,,,,,,
, Net user administratorname,,,,,,
,,,,,,,
,"A software project involves execution of 5 tasks T1, T2, T3, T4 and T5 of duration 10, 15, 18, 30 and 40 days, respectively. T2 and T4 can start only after T1 completes. T3 can start after T2 completes. T5 can start only after both T3 and T4 complete. What is the slack time of the task T3 in days?",A,H,Numerical,Single choice,IT: Online,
, 0,,,,,,
, 3,,,,,,
, 18,,,,,,
, 30,,,,,,
,,,,,,,
,Which of the following is not a test automation tools offered by rational?,B,M,Numerical,Single choice,IT: Online,
, Purify,,,,,,
, Clarify,,,,,,
, Quanitfy,,,,,,
, All of the above,,,,,,
,,,,,,,
,ETVX Stands for,A,H,Theory,Single choice,IT: Online,
, Entry Test Verification Exit,,,,,,
, Entry Task Validation Exit,,,,,,
, Entry Task Verification Exit,,,,,,
, Entry Test Validation Exit,,,,,,
,,,,,,,
,What do executable files store?,B,H,Theory,Single choice,IT: Online,
, Business reference data,,,,,,
, Application programs,,,,,,
, Transaction data,,,,,,
, Word processing documents,,,,,,
,,,,,,,
,The three simple graphical elements of system flowcharts are:,A,H,Theory,Single choice,IT: Online,
," Symbols, flow lines, and areas of responsibility",,,,,,
," Symbols, lines, and documents",,,,,,
," Charts, lines, and documents",,,,,,
," Symbols, Charts and areas of responsibility",,,,,,
,,,,,,,
,IPv6 addresses consists of ____ bytes,B,H,Theory,Single choice,IT: Online,
, 6,,,,,,
, 16,,,,,,
, 10,,,,,,
, 4,,,,,,
,,,,,,,
,Full form of RADIUS ?,A,H,Theory,Single choice,IT: Online,
, Remote Authentication Dial In User Service,,,,,,
, Remote Authentication Dial In Usage Service,,,,,,
, Remotely Authenticated Dial In User Service,,,,,,
, Remotely Authenticated Dial In Usage Service,,,,,,
,,,,,,,
,How many criterias are there for hash functions?,B,H,Theory,Single choice,IT: Online,
, Two,,,,,,
, Three,,,,,,
, Four,,,,,,
, Five,,,,,,
,,,,,,,
,Which of the following terms are related to Cryptograhy?,B,H,Theory,Single choice,IT: Online,
, Birthday collision,,,,,,
, Birthday attack,,,,,,
, Birthday party,,,,,,
, None of the above,,,,,,
,,,,,,,
,This is a computer with a Web server that serves the pages for one or more Web sites.,B,E,Theory,Single choice,IT: Online,
, Portal,,,,,,
, Host,,,,,,
, Gateway,,,,,,
, None of the above,,,,,,
,,,,,,,
,"This is a variable value (for example, a ""last modified"" date) that a server can include in an HTML file before it sends it to the requestor.",A,M,Theory,Single choice,IT: Online,
, server-side include ,,,,,,
, active server page,,,,,,
, end effector,,,,,,
, none of the above,,,,,,
,,,,,,,
,This is a computer containing programs that collectively serve the needs of a large group rather than that of a single user or specialized application.,B,M,Theory,Single choice,IT: Online,
,web server,,,,,,
, enterprise server ,,,,,,
, terminal server,,,,,,
, none of the above,,,,,,
,,,,,,,
,"This is when you divide work that a server has to do between two or more computers so that more work gets done in the same amount of time and, in general, all users get served faster.",A,H,Theory,Single choice,IT: Online,
, Load balancing ,,,,,,
, Time-division multiplexing,,,,,,
, Fast packet technology ,,,,,,
, none of the above,,,,,,
,,,,,,,
,This is a freely available Web server that is distributed under an open source license.,A,H,Theory,Single choice,IT: Online,
, Apache,,,,,,
, Linux,,,,,,
, GNU,,,,,,
, Unix,,,,,,
,,,,,,,
,This is a standard way for a Web server to pass a Web user's request to an application program and to receive data back to forward to the user.,A,H,Theory,Single choice,IT: Online,
, Common gateway interface,,,,,,
, Interrupt request,,,,,,
, Data link layer,,,,,,
, none of the above,,,,,,