,Questions,Correct Answer,Level,Category,Type,Skills,Answer Description
,Big data addresses which challenges,d,M,Theory,Single Choice,IT: Big Data,
,Data Capture,,,,,,
,Data storage,,,,,,
,Data Transfer,,,,,,
,All of the above,,,,,,
,,,,,,,
,Big data uses,c,M,Theory,Single Choice,IT: Big Data,
,Predictive Analysis,,,,,,
,User Behaviour Analysis,,,,,,
,both a & b,,,,,,
,none of the above,,,,,,
,,,,,,,
,What are the key enablers for the growth of big data,d,M,Theory,Single Choice,IT: Big Data,
,Increased storage capacity,,,,,,
,Increased processing power,,,,,,
,Availability of data,,,,,,
,All of the above,,,,,,
,,,,,,,
,Scenarios in which big data is used are,d,M,Theory,Single Choice,IT: Big Data,
,Servers,,,,,,
,Storage,,,,,,
,Processing,,,,,,
,All of the above,,,,,,
,,,,,,,
,Big data deals with ,d,M,Theory,Single Choice,IT: Big Data,
,Data Recovery,,,,,,
,Business Reporting,,,,,,
,Real time intelligence,,,,,,
,all of the above,,,,,,
,,,,,,,
,Which of the following are the tools to analyze big data,d,M,Theory,Single Choice,IT: Big Data,
,Discovery tools,,,,,,
,BI tools,,,,,,
,Hadoop,,,,,,
,all of the above,,,,,,
,,,,,,,
,"Which tool is a popular choice when you need to filter, sort, or pre-process large amounts of new data in place and
distill it to generate denser data that theoretically contains more “information",c,M,Theory,Single Choice,IT: Big Data,
,Discovery tools,,,,,,
,BI tools,,,,,,
,Hadoop,,,,,,
,all of the above,,,,,,
,,,,,,,
,The three v's of Big Data are,d,M,Theory,Single Choice,IT: Big Data,
,Volume,,,,,,
,Variety,,,,,,
,Velocity,,,,,,
,all of the above,,,,,,
,,,,,,,
,Which constitutes highest amount of data,d,M,Theory,Single Choice,IT: Big Data,
,Megabyte,,,,,,
,Gigabyte,,,,,,
,Terabyte,,,,,,
,Petabyte,,,,,,
,,,,,,,
,"Trading/stock exchange data, tweets on Twitter, status updates/likes/shares on Facebook generates data at high speed. This constitute which characteristic of Big data",c,M,Theory,Single Choice,IT: Big Data,
,Volume,,,,,,
,Variety,,,,,,
,Velocity,,,,,,
,all of the above,,,,,,
,,,,,,,
, The aspect of varied data formats is referred to as what in Bigdata,b,M,Theory,Single Choice,IT: Big Data,
,Enterprise Data,,,,,,
,Transactional data,,,,,,
,Archives,,,,,,
,all of the above,,,,,,
,,,,,,,
,Which of the following are sources of big data,d,M,Theory,Single Choice,IT: Big Data,
,Enterprise media,,,,,,
,Transactional data,,,,,,
,Archives,,,,,,
,all of the above,,,,,,
,,,,,,,
,Enterprise data include which formats,d,M,Theory,Single Choice,IT: Big Data,
,HTML,,,,,,
,PDF,,,,,,
,XML,,,,,,
,all of the above,,,,,,
,,,,,,,
,Data that is spread across the organization in different formats is referred to as,a,M,Theory,Single Choice,IT: Big Data,
,Enterprise Data,,,,,,
,Transactional data,,,,,,
,Archives,,,,,,
,Social Media,,,,,,
,,,,,,,
,"Transactions like Web Applications, Mobile Applications, CRM Systems constitute",b,M,Theory,Single Choice,IT: Big Data,
,Enterprise Data,,,,,,
,Transactional data,,,,,,
,Archives,,,,,,
,Social Media,,,,,,
,,,,,,,
,Transactional Data is mostly,a,M,Theory,Single Choice,IT: Big Data,
,structured data,,,,,,
,unstructured data,,,,,,
,both a & b,,,,,,
,none of the above,,,,,,
,,,,,,,
,"Twitter, Facebook, etc represent data source known as",d,M,Theory,Single Choice,IT: Big Data,
,Enterprise Data,,,,,,
,Transactional data,,,,,,
,Archives,,,,,,
,Social Media,,,,,,
,,,,,,,
,"Data from medical devices, censor data, surveillance videos, satellites, cell phone towers, industrial machinery, and other data generated mostly by machines fall under",d,M,Theory,Single Choice,IT: Big Data,
,Enterprise Data,,,,,,
,Transactional data,,,,,,
,Archives,,,,,,
,Activity generated,,,,,,
,,,,,,,
,"Data that is publicly available like data published by governments, research data published by research institutes, data from weather and meteorological departments, census data, Wikipedia, sample open source data feeds",d,M,Theory,Single Choice,IT: Big Data,
,Enterprise Data,,,,,,
,Transactional data,,,,,,
,Archives,,,,,,
,Public data,,,,,,
,,,,,,,
,Mathematical formula run by software to analyze data in big data terms is called,a,M,Theory,Single Choice,IT: Big Data,
,Algorithm,,,,,,
,Volume,,,,,,
,Variety,,,,,,
,Velocity,,,,,,
,,,,,,,
,Collection of cloud computing services that help businesses carry out large-scale computing operations without needing the storage or processing power in-house,a,M,Theory,Single Choice,IT: SaaS,
,Amazon Web services,,,,,,
,Google web services,,,,,,
,Microsoft web services,,,,,,
,all of the above,,,,,,
,,,,,,,
,Running software on remote servers rather than locally is referred as,a,M,Theory,Single Choice,IT: SaaS,
,Cloud Computing,,,,,,
,Remote Sever process,,,,,,
,both a & b,,,,,,
,none of the above,,,,,,
,,,,,,,
,The process of automating the collection and structuring of data from web sites (usually through writing code),a,M,Theory,Single Choice,IT: SaaS,
,Web Scrapping,,,,,,
,Predictive Analytics,,,,,,
,Hadoop,,,,,,
,all of the above,,,,,,
,,,,,,,
,Which  is a data cleaning software that allows you to pre-process your data for analysis. This is especially useful if you are analyzing unstructured data or combining multiple data sets into one for analysis.,b,M,Theory,Single Choice,IT: SaaS,
,input.io,,,,,,
,Open Refine,,,,,,
,Tableau,,,,,,
,WolframAlpha,,,,,,
,,,,,,,
,"Which tool provides detailed responses to technical searches and does very complex calculations. For business users, it presents information charts and graphs, and is excellent for high level pricing history, commodity information, and topic overviews.",d,M,Theory,Single Choice,IT: SaaS,
,input.io,,,,,,
,Open Refine,,,,,,
,Tableau,,,,,,
,WolframAlpha,,,,,,
,,,,,,,
,"Which is a visualization tool that makes it easy to look at your data in new ways. In the analytics process, Tableau’s visuals allow you to quickly investigate a hypothesis, sanity check your instincts or build a compelling infographic to convince your audience with.",c,M,Theory,Single Choice,IT: SaaS,
,input.io,,,,,,
,Open Refine,,,,,,
,Tableau,,,,,,
,WolframAlpha,,,,,,
,,,,,,,
,Which tool allows you to turn the unstructured data displayed on web pages into structured tables of data that can be accessed over an API.,a,M,Theory,Single Choice,IT: SaaS,
,input.io,,,,,,
,Open Refine,,,,,,
,Tableau,,,,,,
,WolframAlpha,,,,,,
,,,,,,,
,"Which is a versatile tool for data analysis, large data set visualization and mapping.",d,M,Theory,Single Choice,IT: SaaS,
,input.io,,,,,,
,Open Refine,,,,,,
,Tableau,,,,,,
,Google Fusion Tables,,,,,,
,,,,,,,
,What does commodity hardware mean in Hadoop world,c,M,Theory,Single Choice,IT: SaaS,
,Cheap harware,,,,,,
,industry standard hardware,,,,,,
,Low specification hardware,,,,,,
,all of the above,,,,,,
,,,,,,,
,Big data doesnt solve which of the following problem,c,M,Theory,Single Choice,IT: SaaS,
,Processing online bank transactions,,,,,,
,Parsing XML file every 5 minutes,,,,,,
,both a & b,,,,,,
,none of the above,,,,,,
,,,,,,,
,The term Big data is originally associated with,d,M,Theory,Single Choice,IT: SaaS,
,Stocks market domain,,,,,,
,BFS,,,,,,
,Social media,,,,,,
,Astronomy,,,,,,
,,,,,,,
,Which of the following is an example of Big data real time processing,b,M,Theory,Single Choice,IT: SaaS,
,Stock market data analysis,,,,,,
,Fraud detecetion,,,,,,
,both a & b,,,,,,
,none of the above,,,,,,
,,,,,,,
,To which category does sliding window operations belong,a,M,Theory,Single Choice,IT: Big Data,
,Big data real time processing,,,,,,
,OLTP transactions,,,,,,
,Batch process,,,,,,
,all of the above,,,,,,
,,,,,,,
,Hive is used as a ,b,M,Theory,Single Choice,IT: Big Data,
,Query engine,,,,,,
,Sql interface for Hadoop,,,,,,
,both a & b,,,,,,
,none of the above,,,,,,
,,,,,,,
,Components of Hadoop are,c,M,Theory,Single Choice,IT: Big Data,
,HDFS,,,,,,
,Map reduce,,,,,,
,botha & b,,,,,,
,none of the above,,,,,,
,,,,,,,
,Which config file is used to define heap size in Hadoop,a,M,Theory,Single Choice,IT: Big Data,
,hadoop-env.sh,,,,,,
,core-site.xml,,,,,,
,hdfs-site.xml,,,,,,
,none of the above,,,,,,
,,,,,,,
,Which isn't a valid Hadoop config file?,,M,Theory,Single Choice,IT: Big Data,
,hadoop-site.xml,,,,,,
,core-site.xml,,,,,,
,hdfs-site.xml,,,,,,
,none of the above,,,,,,
,,,,,,,
,Which of the following is not a component of flume?,b,M,Theory,Single Choice,IT: Big Data,
,Sink,,,,,,
,Database,,,,,,
,Source,,,,,,
,Channel,,,,,,
,,,,,,,
,Which operations cannot use Reducer as combiner also,c,M,Theory,Single Choice,IT: Big Data,
,Group by Minimum,,,,,,
,Group by Maximum,,,,,,
,Group by Average,,,,,,
,none of the above,,,,,,
,,,,,,,
,Reduce size join is nuseful for ,b,M,Theory,Single Choice,IT: Big Data,
,Small datasets,,,,,,
,Large datasets,,,,,,
,both a & b,,,,,,
,none of the above,,,,,,
,,,,,,,
,Numbers of mappers is decided by ,c,M,Theory,Single Choice,IT: Big Data,
,Programmer,,,,,,
,Heap memory,,,,,,
,Input Splits,,,,,,
,none of the above,,,,,,
,,,,,,,
,Pig is a ,c,M,Theory,Single Choice,IT: Big Data,
,Programming language,,,,,,
,Query Language,,,,,,
,Data flow language,,,,,,
,none of the above,,,,,,
,,,,,,,
,Parameters which cannot be passed to pig scripts,b,M,Theory,Single Choice,IT: Big Data,
,Shell script,,,,,,
,Parent pig script,,,,,,
,Command line,,,,,,
,Configuraion file,,,,,,
,,,,,,,
,The schema of a relation can be examined through ,a,M,Theory,Single Choice,IT: Big Data,
,Describe,,,,,,
,Explain,,,,,,
,Illustrative,,,,,,
,none of the above,,,,,,
,,,,,,,
,Which among the follwing are valid pig control structures,d,M,Theory,Single Choice,IT: Big Data,
,If - else,,,,,,
,For loop,,,,,,
,Until loop,,,,,,
,none of the above,,,,,,
,,,,,,,
,What is not possible in Hive?,c,M,Theory,Single Choice,IT: Big Data,
,Writing update statement,,,,,,
,Create synonym,,,,,,
,both a & b,,,,,,
,none of the above,,,,,,
,,,,,,,
,Mapper is initiated by,a,M,Theory,Single Choice,IT: Big Data,
,Task tracker,,,,,,
,Job tracker,,,,,,
,Combiner,,,,,,
,reducer,,,,,,
,,,,,,,
,Hadoop is a framework which allows processing of ,b,M,Theory,Single Choice,IT: Big Data,
,Small datasets,,,,,,
,Large datasets,,,,,,
,both a & b,,,,,,
,none of the above,,,,,,
,,,,,,,
,Which of the folowing are big data solution candidates,d,M,Theory,Single Choice,IT: Big Data,
,Processing 1.5tb data,,,,,,
,Processing 30 minute sensor data,,,,,,
,Processing user clicks,,,,,,
,all of the above,,,,,,
,,,,,,,
,Highest level of Data model in hive,c,M,Theory,Single Choice,IT: Big Data,
,Table,,,,,,
,View,,,,,,
,Database,,,,,,
,Partition,,,,,,
,,,,,,,
,Hive queries response is in the order of ,c,M,Theory,Single Choice,IT: Big Data,
,Hours ,,,,,,
,Minutes,,,,,,
,Seconds atleast,,,,,,
,Milliseconds atleast,,,,,,
,,,,,,,
,What is the data type of version in Hbase,b,M,Theory,Single Choice,IT: Big Data,
,Int ,,,,,,
,Long,,,,,,
,String,,,,,,
,Date,,,,,,
,,,,,,,
,What is the data type of row key in Hbase,d,M,Theory,Single Choice,IT: Big Data,
,Int ,,,,,,
,String,,,,,,
,Byte,,,,,,
,Byte[],,,,,,
,,,,,,,
,Hive data models represent,b,M,Theory,Single Choice,IT: Big Data,
,Tables,,,,,,
,Directories,,,,,,
,both a & b,,,,,,
,None of the above,,,,,,
,,,,,,,
,Utility that allows us to create and run map reduce jobs with any executable script as a mapper,d,M,Theory,Single Choice,IT: Big Data,
,Oozie,,,,,,
,Sqoop,,,,,,
,Flame,,,,,,
,Hadoop streaming,,,,,,
,,,,,,,
,Default input format defined in Hadoop,b,M,Theory,Single Choice,IT: Big Data,
,SequenceFileInputFormat,,,,,,
,TextInputFormat,,,,,,
,both a & b,,,,,,
,None of the above,,,,,,
,,,,,,,
,MapReduce was devised by ,b,M,Theory,Single Choice,IT: Big Data,
,Apple,,,,,,
,Google,,,,,,
,Microsoft,,,,,,
,Samsung,,,,,,
,,,,,,,
,Which of the following is not a phase of reducer,a,M,Theory,Single Choice,IT: Big Data,
,Map,,,,,,
,Reduce,,,,,,
,Shuffle,,,,,,
,Sort,,,,,,
,,,,,,,
,How many instances of Job tracker can run a hadoop cluster,a,M,Theory,Single Choice,IT: Big Data,
,1,,,,,,
,2,,,,,,
,3,,,,,,
,4,,,,,,
,,,,,,,
,Which of the following is not the Dameon process that runs a hadoop cluster,b,M,Theory,Single Choice,IT: Big Data,
,Data Node,,,,,,
,TaskNode,,,,,,
,both a & b,,,,,,
,None of the above,,,,,,
,,,,,,,
,Programming model used to develop Hadoop based applications,c,M,Theory,Single Choice,IT: Big Data,
,Mahout,,,,,,
,Oozie,,,,,,
,MapReduce,,,,,,
,none of the above,,,,,,
,,,,,,,
,Whichcompany has the world's largest hadoop cluster,c,M,Theory,Single Choice,IT: Big Data,
,Apple,,,,,,
,Google,,,,,,
,Facebook,,,,,,
,all of the above,,,,,,
,,,,,,,
,Facebook tackles Big data with which tool based on Hadoop,a,M,Theory,Single Choice,IT: Big Data,
,Project prism,,,,,,
,Prism,,,,,,
,Project Big,,,,,,
,Project data,,,,,,
,,,,,,,
,Hive also supports custom extensions written in,b,M,Theory,Single Choice,IT: Big Data,
,c#,,,,,,
,c,,,,,,
,Java,,,,,,
,c++,,,,,,
,,,,,,,
,Most popular high level java API in Hadoop Ecosystem,d,M,Theory,Single Choice,IT: Big Data,
,Scalding,,,,,,
,HCatalog,,,,,,
,Cascalog,,,,,,
,cascading,,,,,,
,,,,,,,
,Whhich is a general purpose computing model & run time system for distributed data analytics,a,M,Theory,Single Choice,IT: Big Data,
,Mapreduce,,,,,,
,Drill,,,,,,
,Oozie,,,,,,
,all of the above,,,,,,
,,,,,,,
,Framework used to performremote procedure calls is,c,M,Theory,Single Choice,IT: Big Data,
,Drill,,,,,,
,BigTop,,,,,,
,Avro,,,,,,
,all of the above,,,,,,
,,,,,,,
,What maps inout key/value pairs to a set of intermediate key/value pairs,a,M,Theory,Single Choice,IT: Big Data,
,Mapper,,,,,,
,Reducer,,,,,,
,both a & b,,,,,,
,none of the above,,,,,,
,,,,,,,
,Number of maps is usually driven by ,a,M,Theory,Single Choice,IT: Big Data,
,inouts,,,,,,
,outputs,,,,,,
,both a & b,,,,,,
,none of the above,,,,,,
,,,,,,,
,Default partitioner for partitioning key space,b,M,Theory,Single Choice,IT: Big Data,
,HashPar,,,,,,
,HashPartitioner,,,,,,
,both a & b,,,,,,
,none of the above,,,,,,
,,,,,,,
,What acts as input to sorted output of mappers,a,M,Theory,Single Choice,IT: Big Data,
,Reducer,,,,,,
,Mapper,,,,,,
,Shuffle,,,,,,
,none of the above,,,,,,
,,,,,,,
,Most popular NoSQL database for scalable big data store with Hadoop,a,M,Theory,Single Choice,IT: Big Data,
,Hbase,,,,,,
,MongoDB,,,,,,
,both a & b,,,,,,
,none of the above,,,,,,
,,,,,,,
,Which class is provided by Aggregate package,b,M,Theory,Single Choice,IT: Big Data,
,Map,,,,,,
,Reducer,,,,,,
,Reduce,,,,,,
,none of the above,,,,,,
,,,,,,,
,Which namenode is used when primary NameNode goes down,a,M,Theory,Single Choice,IT: Big Data,
,Secondary,,,,,,
,Teritiary,,,,,,
,TaskNode,,,,,,
,Data,,,,,,
,,,,,,,
,Which is a slave/worker node& holds the user data in the form of data blocks,a,M,Theory,Single Choice,IT: Big Data,
,dataNode,,,,,,
,nameNode,,,,,,
,DataBlock,,,,,,
,none of the above,,,,,,
,,,,,,,
,HDFS is implemented in,c,M,Theory,Single Choice,IT: Big Data,
,C#,,,,,,
,C++,,,,,,
,Java,,,,,,
,Scala,,,,,,
,,,,,,,
,Pig in batch mode is run using,a,M,Theory,Single Choice,IT: Big Data,
,Pig Scripts,,,,,,
,Pig Options,,,,,,
,Pig Shell command,,,,,,
,none of the above,,,,,,
,,,,,,,
,Function used to read data in Pig,c,M,Theory,Single Choice,IT: Big Data,
,Write,,,,,,
,Read,,,,,,
,Load,,,,,,
,none of the above,,,,,,
,,,,,,,
,Pig in interactive mode can be run using which shell,a,M,Theory,Single Choice,IT: Big Data,
,Grunt,,,,,,
,FS,,,,,,
,HDFS,,,,,,
,none of the above,,,,,,
,,,,,,,
,Which of the floowing is not an ERP technology,d,M,Theory,Single Choice,IT: ERP,
,Data warehousing,,,,,,
,Data Mining,,,,,,
,Business process engineering,,,,,,
,Manufacturing resource planning,,,,,,
,,,,,,,
,Who launched a cloud-based test and development service for enterprises?,c,M,Theory,Single Choice,IT: ERP,
,HP,,,,,,
,Cisco,,,,,,
,IBM,,,,,,
,Oracle,,,,,,
,,,,,,,
,Which of the follwing doesnt come under ERP,c,M,Theory,Single Choice,IT: ERP,
,HR,,,,,,
,Inventory,,,,,,
,Purchase,,,,,,
,All of the above,,,,,,
,,,,,,,
,ERP makes the process,b,M,Theory,Single Choice,IT: ERP,
,Fast ,,,,,,
,Automated,,,,,,
,both a & b,,,,,,
,none of these,,,,,,
,,,,,,,
,Steps involved in ERP,d,M,Theory,Single Choice,IT: ERP,
,Project Planning,,,,,,
,Phased Approach,,,,,,
,Architectural design,,,,,,
,All of the above,,,,,,
,,,,,,,
,BPR stands for,b,M,Theory,Single Choice,IT: ERP,
,Business process reengineering,,,,,,
,Business process Redesign,,,,,,
,both a & b,,,,,,
,none of the above,,,,,,
,,,,,,,
,ERP helps to integrate,a,M,Theory,Single Choice,IT: ERP,
,Downward value chain,,,,,,
,Upward value chain,,,,,,
,both a & b,,,,,,
,none of the above,,,,,,
,,,,,,,
,Which systems are enabling managers to test their decisons on computer before they commit themselves,b,M,Theory,Single Choice,IT: ERP,
,DBMS,,,,,,
,Decision support systems,,,,,,
,ERP,,,,,,
,Business Intelligence Systems,,,,,,
,,,,,,,
,"Which famous person said ""Information only becomes knowledge in the hands of someone who knows what to do with it""?",c,M,Theory,Single Choice,IT: ERP,
,Dennis Ritche,,,,,,
,Steve Jobs,,,,,,
,Peter Drucker,,,,,,
,Bill Gates,,,,,,
,,,,,,,
,The biggest development that did not happen in the late 1990's was,b,M,Theory,Single Choice,IT: ERP,
,Internet,,,,,,
,Artificial Intelligence,,,,,,
,Both a & b,,,,,,
,Neither a nor b,,,,,,
,,,,,,,
,Widely adopted Information systems consulting model provided by Michel Earl deals with?,c,M,Theory,Single Choice,IT: ERP,
,ERP,,,,,,
,Waterfall model,,,,,,
,The four questions model(Why?What?Which?How?,,,,,,
,Agile Model,,,,,,
,,,,,,,
,Typical IT consulting assignments deal with,d,M,Theory,Single Choice,IT: ERP,
,Investigation of competetive advantage through Information Systems,,,,,,
,Study of adoption by competitors,,,,,,
,review of business strategy in light of recent developments,,,,,,
,All of the above,,,,,,
,,,,,,,
,IT portfolio can be divided into,d,M,Theory,Single Choice,IT: ERP,
,support,,,,,,
,mission critical,,,,,,
,strategic,,,,,,
,all of the above,,,,,,
,,,,,,,
,Which of the following business falls under the mission critical category of IT portfolio,a,M,Theory,Single Choice,IT: ERP,
,Call center,,,,,,
,Gaming,,,,,,
,Both a & b,,,,,,
,None of the above,,,,,,
,,,,,,,
,Which of the following is ERP package vendor/package provider,c,M,Theory,Single Choice,IT: ERP,
,Microsoft,,,,,,
,Google,,,,,,
,Oracle,,,,,,
,Verizon,,,,,,
,,,,,,,
,"Which infrastructure includes application servers, data servers & clients? ",c,M,Theory,Single Choice,IT: ERP,
,Single tier Infrastructure,,,,,,
,Two tier Infrastructure,,,,,,
,3 tier infrastructure,,,,,,
,None of these,,,,,,
,,,,,,,
," Which of the following are true concerning Enterprise Resource Planning (ERP) ? 
",d,M,Theory,Single Choice,IT: ERP,
,It involves automation and integration of the majority of business processes.,,,,,,
,It shares  data and practices across the enterprise,,,,,,
,Very Expensive,,,,,,
,All of the above,,,,,,
,,,,,,,
,Which systems allows companies to respond efficiently & retain customers,a,M,Theory,Single Choice,IT: ERP,
,CRM,,,,,,
,ERP,,,,,,
,Both a & b,,,,,,
,None of the above,,,,,,
,,,,,,,
,"ERP, CRM are examples of ",c,M,Theory,Single Choice,IT: ERP,
,Functional It,,,,,,
,Network IT,,,,,,
,EIT,,,,,,
,None of the above,,,,,,
,,,,,,,
,"Which IT specifies business processes,mandates data format & defines tasks a& sequences",c,M,Theory,Single Choice,IT: ERP,
,Functional It,,,,,,
,Network IT,,,,,,
,EIT,,,,,,
,None of the above,,,,,,
,,,,,,,
,Which IT is hardest for companies to adopt,c,M,Theory,Single Choice,IT: ERP,
,Functional It,,,,,,
,Network IT,,,,,,
,EIT,,,,,,
,None of the above,,,,,,
,,,,,,,
,Which is the discipline of leveraging analytics & performance modelling to create link between operational processes & desired strategic outcomes,a,M,Theory,Single Choice,IT: ERP,
,decision Analytics,,,,,,
,Cloud computing,,,,,,
,EIT,,,,,,
,None of the above,,,,,,
,,,,,,,
,Which of the following statements about ERP systems is true?,b,M,Theory,Single Choice,IT: ERP,
,"Most ERP software implementations fully achieve seamless integration.
",,,,,,
,"Some ERP software packages are themselves combinations of separate applications for manufacturing, materials resource planning, general ledger, human resources, procurement, and order entry.",,,,,,
,ERP systems are designed primarily for small businesses.,,,,,,
,ntegration of ERP systems can be achieved in only one way.,,,,,,
,,,,,,,
,Which of the following is used to solve the problem of stovepiped departments?,c,M,Theory,Single Choice,IT: ERP,
,Encouragement of interdepartmental interactions.,,,,,,
,Reengineering of traditional departments and focus on workflow processes.,,,,,,
,both a & b,,,,,,
,none of the above,,,,,,
,,,,,,,
,"In ERP systems, what does the acronym ERP stand for?",c,M,Theory,Single Choice,IT: ERP,
,"Electronic Resource Planning
",,,,,,
,Electronic Resource Program,,,,,,
,Enterprise Resource Planning,,,,,,
,none of the above,,,,,,
,,,,,,,
,What term is often used in business to describe activities or systems that are seen and used only by people within enterprises?,c,M,Theory,Single Choice,IT: ERP,
,Internal applications,,,,,,
,ExternalApplications,,,,,,
,"Back-office applications
",,,,,,
,none of the above,,,,,,
,,,,,,,
,What criteria may be used to compare some of the goals of ERP software-based systems and REA-based systems?,d,M,Theory,Single Choice,IT: ERP,
,Database orientation,,,,,,
,Semantic,,,,,,
,Structuted,,,,,,
,all of the above,,,,,,
,,,,,,,
,What goal requires objects in the system's conceptual model to correspond as closely as possible to objects in the underlying reality?,b,M,Theory,Single Choice,IT: ERP,
,Database orientation,,,,,,
,Semantic,,,,,,
,Structuted,,,,,,
,all of the above,,,,,,
,,,,,,,
,A realtime software which integrates all the business processes,a,M,Theory,Single Choice,IT: ERP,
,ERP,,,,,,
,CRM,,,,,,
,both a & b,,,,,,
,None,,,,,,
,,,,,,,
,"Which module of ERP includes processes like Sales queries & enquiry analysis & handling, quotation drafting, accepting sales orders, drafting sales invoices with proper taxation, dispatch/Shipment of material or service, tracking pending sales order ",a,M,Theory,Single Choice,IT: ERP,
,Sales,,,,,,
,HRM,,,,,,
,Operations,,,,,,
,none of the above,,,,,,
,,,,,,,
,CRM falls under which category of SAAS providers,d,M,Theory,Single Choice,IT: ERP,
,Consumer services,,,,,,
,Communication services,,,,,,
,Business services,,,,,,
,none of the above,,,,,,
,,,,,,,
,IT projects deliver tangible products/outputs,b,M,Theory,Single Choice,IT: ERP,
,TRUE,,,,,,
,FALSE,,,,,,
,,,,,,,
,"Pattern-based systems design is important to Facilitate integration of systems between organizations
",a,M,Theory,Single Choice,IT: ,
,TRUE,,,,,,
,FALSE,,,,,,
,,,,,,,
,"Best-of-breed enterprise system created by installing multiple ERP software applications whereby each application best meets a different need of the business in a different area.
",a,M,Theory,Single Choice,IT: ,
,TRUE,,,,,,
,FALSE,,,,,,
,,,,,,,
,EDI stands for Electronic Data Interchange,a,M,Theory,Single Choice,IT: Big Data,
,TRUE,,,,,,
,FALSE,,,,,,
,,,,,,,
,Is SCM a module of ERP?,a,M,Theory,Single Choice,IT: Big Data,
,TRUE,,,,,,
,FALSE,,,,,,
,,,,,,,
,"Data must be stored at their most primitive levels.
This is a condition that must be met to achieve the goal of database orientation?",a,M,Theory,Single Choice,IT: Big Data,
,TRUE,,,,,,
,FALSE,,,,,,
,,,,,,,
,Integration can be achieved in only one way by employinhg ERP,b,M,Theory,Single Choice,IT: Big Data,
,TRUE,,,,,,
,FALSE,,,,,,
,,,,,,,
,HDFS works in master-worker fashion,a,M,Theory,Single Choice,IT: Big Data,
,TRUE,,,,,,
,FALSE,,,,,,
,,,,,,,
,"Hadoop is ideal for analytical post operational, data warehousish type of work load",a,M,Theory,Single Choice,IT: Big Data,
,TRUE,,,,,,
,FALSE,,,,,,
,,,,,,,
,MapReduce places data and compute close to each other,a,M,Theory,Single Choice,IT: Big Data,
,TRUE,,,,,,
,FALSE,,,,,,
,,,,,,,
, Hadoop 2.0 allows live stream processing of real time data,a,M,Theory,Single Choice,IT: Big Data,
,TRUE,,,,,,
,FALSE,,,,,,
,,,,,,,
,"MapReduce , programming model used by Hadoop is difficult to write and test",b,M,Theory,Single Choice,IT: Big Data,
,TRUE,,,,,,
,FALSE,,,,,,
,,,,,,,
,ByteInputFormat is not an input format in Hadoop,a,M,Theory,Single Choice,IT: Big Data,
,TRUE,,,,,,
,FALSE,,,,,,
,,,,,,,
,Application master monitors all Map Reduce Applications in Cluster,b,M,Theory,Single Choice,IT: Big Data,
,TRUE,,,,,,
,FALSE,,,,,,
,,,,,,,
,Hive managed tables stores data in Local Linux path,b,M,Theory,Single Choice,IT: Big Data,
,TRUE,,,,,,
,FALSE,,,,,,
,,,,,,,
,Managed tables don't allowloading data from other tables,b,M,Theory,Single Choice,IT: Big Data,
,TRUE,,,,,,
,FALSE,,,,,,
,,,,,,,
,External tables can load the data from warehouse Hive directory,a,M,Theory,Single Choice,IT: Big Data,
,TRUE,,,,,,
,FALSE,,,,,,
,,,,,,,
,File records distribution is not a meta data item,a,M,Theory,Single Choice,IT: Big Data,
,TRUE,,,,,,
,FALSE,,,,,,
,,,,,,,
,Name node monitors block replication process,b,M,Theory,Single Choice,IT: Big Data,
,TRUE,,,,,,
,FALSE,,,,,,
,,,,,,,
,Hive UDF's can only be written in Java,b,M,Theory,Single Choice,IT: Big Data,
,TRUE,,,,,,
,FALSE,,,,,,
,,,,,,,
,Pig is used for creating multiple datasets from single large dataset,a,M,Theory,Single Choice,IT: Big Data,
,TRUE,,,,,,
,FALSE,,,,,,
,,,,,,,
,Pig can be used for real time updates,b,M,Theory,Single Choice,IT: Big Data,
,TRUE,,,,,,
,FALSE,,,,,,
,,,,,,,
,Distributed cache files cannot be accessed in reducer,b,M,Theory,Single Choice,IT: Big Data,
,TRUE,,,,,,
,FALSE,,,,,,
,,,,,,,
,Only one distributed cache file is used in Map Reduce job,b,M,Theory,Single Choice,IT: Big Data,
,TRUE,,,,,,
,FALSE,,,,,,
,,,,,,,
,NameNodes are high storage machines in clusters,b,M,Theory,Single Choice,IT: Big Data,
,TRUE,,,,,,
,FALSE,,,,,,
,,,,,,,
,distcp commmand invokes MapReduce in background,a,M,Theory,Single Choice,IT: Big Data,
,TRUE,,,,,,
,FALSE,,,,,,
,,,,,,,
,Hadoop is a tool used for Big data Analytics,b,M,Theory,Single Choice,IT: Big Data,
,TRUE,,,,,,
,FALSE,,,,,,
,,,,,,,
, Data scientist is an expert in extracting insights and analysis from data,a,M,Theory,Single Choice,IT: Big Data,
,TRUE,,,,,,
,FALSE,,,,,,
,,,,,,,
,"Hadoop is an collection of programs that allow for the storage, retrieval and analysis of very large data sets",a,M,Theory,Single Choice,IT: Big Data,
,TRUE,,,,,,
,FALSE,,,,,,
,,,,,,,
,"Internet of Things (IoT) refers to objects (like sensors) that collect, analyze and transmit their own data (often without human input)",a,M,Theory,Single Choice,IT: Big Data,
,TRUE,,,,,,
,FALSE,,,,,,
,,,,,,,
,Predictive Analytics means using analytics to study past trends or pastevents,b,M,Theory,Single Choice,IT: Big Data,
,TRUE,,,,,,
,FALSE,,,,,,
,,,,,,,
,Hive is used to address real time queries,b,M,Theory,Single Choice,IT: Big Data,
,TRUE,,,,,,
,FALSE,,,,,,
,,,,,,,
,Hbase is used as a tool for random & Fast Read/write operations in Hadoop,a,M,Theory,Single Choice,IT: Big Data,
,TRUE,,,,,,
,FALSE,,,,,,
,,,,,,,
,"Veracity means that often, data is unclean and you have to deal with that. There’s no metric that I’m aware of to measure it, but it’s important.",a,M,Theory,Single Choice,IT: Big Data,
,TRUE,,,,,,
,FALSE,,,,,,
,,,,,,,
,Variety refers to the different formats in which the data is being generated/stored,a,M,Theory,Single Choice,IT: Big Data,
,TRUE,,,,,,
,FALSE,,,,,,
,,,,,,,
,Big data helps in making efficient operational decisions,a,M,Theory,Single Choice,IT: Big Data,
,TRUE,,,,,,
,FALSE,,,,,,
,,,,,,,
,Velocity refers to the speed at which the data is being generated,a,M,Theory,Single Choice,IT: Big Data,
,TRUE,,,,,,
,FALSE,,,,,,
,,,,,,,
,Big data deals with simple model having limited data sets& cleansed data,b,M,Theory,Single Choice,IT: Big Data,
,TRUE,,,,,,
,FALSE,,,,,,
,,,,,,,
,Big data consists of  large or complex datasets that traditional data processing application software is inadequate to deal with them.,b,M,Theory,Single Choice,IT: Big Data,
,TRUE,,,,,,
,FALSE,,,,,,